model,N,alpha_m,alpha_ann,alpha_t,alpha_p,alpha_ci_lo_ann,alpha_ci_hi_ann,beta,beta_t,r2,r2_adj,smb,hml,mom,group,construction
CAPM,60,-0.0010851824812650518,-0.013022189775180621,-0.6017330146011826,0.5473518701371703,-0.05543804920100246,0.02939366965064122,1.0005289768270287,36.101983743986274,0.953935138118102,0.9531409163615177,,,,trackA_pool_all,long_only
FF4,60,-0.0008078496319055984,-0.00969419558286718,-0.7279057782425404,0.4666712658066142,-0.03579685168127227,0.01640846051553791,0.9852154857300438,34.577667754507,0.9670135171542641,0.9646145002200287,-0.05513488148129847,0.11963866933621423,-0.06251246029820409,trackA_pool_all,long_only
CAPM,60,-0.0030313788639098073,-0.036376546366917686,-1.7543651671448848,0.07936795593662369,-0.07701615897228012,0.0042630662384447356,-0.1430050611014491,-2.9748007689930334,0.19828589727130375,0.18446324032770556,,,,trackA_pool_all,long_short
FF4,60,-0.003114281892431262,-0.037371382709175144,-1.6250731156600031,0.10414698052434361,-0.08244416340845957,0.007701397990109285,-0.138040325776817,-2.7843355348452885,0.21520950430780128,0.15813383189382313,-0.047734628721331704,-0.03838856869420816,-0.01456445722919356,trackA_pool_all,long_short
CAPM,60,-0.002814928684117153,-0.03377914420940584,-1.2614405378121427,0.20715017078949083,-0.08626350957937282,0.01870522116056115,0.9857819756603095,26.530808283377812,0.9171838443222537,0.9157559795691892,,,,trackA_rejected,long_only
FF4,60,-0.0023584224538668835,-0.0283010694464026,-1.738134660617101,0.08218708882411078,-0.060214061055017365,0.0036119221622121656,0.9601641636766285,34.38085102757794,0.9471028464271054,0.9432557807127131,-0.02245060849903978,0.1900925958366581,-0.06850306754017235,trackA_rejected,long_only
CAPM,60,-0.004502705277870748,-0.05403246333444898,-2.6004313257496228,0.009310665246775242,-0.09475712354095255,-0.0133078031279454,-0.11488613580527304,-3.2746522342664104,0.15000164158895923,0.1353464974784241,,,,trackA_rejected,long_short
FF4,60,-0.004456971225831715,-0.05348365470998058,-2.4298688182392643,0.015104288585534103,-0.09662427045280789,-0.01034303896715328,-0.11739500238502704,-3.2411882959843274,0.16060785694360302,0.09956115563041046,-0.011046872496122608,-0.03492037035895623,-0.01682915100673263,trackA_rejected,long_short
CAPM,60,0.0029048242131752156,0.03485789055810259,1.3419824455564462,0.1796016875659927,-0.016052022829468774,0.08576780394567395,1.0307408033761598,19.951022271908368,0.8981348209393353,0.8963785247486342,,,,trackA_selected,long_only
FF4,60,0.002851977604750478,0.034223731257005736,1.5586987024697927,0.11906770903849617,-0.008810423178372648,0.07725788569238412,1.034616024066962,17.067026251221044,0.9036185712694484,0.8966090128163174,-0.14841334146955093,-0.020650123906170072,-0.0695045672597859,trackA_selected,long_only
CAPM,60,-0.00033174964851086187,-0.0039809957821303425,-0.09284160146295208,0.9260294005306866,-0.08802315180520284,0.08006116024094215,-0.17951811213082958,-2.143630589670456,0.09055586687006056,0.07487579560919966,,,,trackA_selected,long_short
FF4,60,-0.0005339244181246142,-0.006407093017495371,-0.15118884045548278,0.8798267531306929,-0.08946660668303316,0.07665242064804242,-0.167417347709564,-1.8939433277647328,0.10651225979737489,0.04153133323718394,-0.11590491145896487,-0.05085653065912543,-0.0309424567401292,trackA_selected,long_short
CAPM,51,-0.0005649642097843964,-0.006779570517412757,-0.09037467468683308,0.9279894809961176,-0.15380874756090704,0.14024960652608154,0.562167631165055,5.152713504494348,0.25456149450817867,0.23934846378385577,,,,trackB_agriculture,long_only
FF4,51,-0.002982356810485533,-0.0357882817258264,-0.49770088059037715,0.6186948873334877,-0.17672382350744348,0.10514726005579068,0.5629028671771787,4.682916724122409,0.3284209607763834,0.2700227834525907,-0.22071175886952693,0.2679835974638171,-0.19323546052593152,trackB_agriculture,long_only
CAPM,59,0.0009398669683122022,0.011278403619746425,0.22204843639549116,0.8242761775748749,-0.08827314133433475,0.11082994857382761,-0.37158312434812,-2.2940457997695627,0.1855193077468399,0.17123017279503006,,,,trackB_agriculture,long_short
FF4,59,0.0019279960370760655,0.023135952444912785,0.47240945336425894,0.6366345580520332,-0.07285203682399793,0.11912394171382351,-0.4401584744027294,-2.392181697517879,0.21365201752253848,0.15540401882050425,0.11830489620251673,0.03773489809675982,-0.1388795073257318,trackB_agriculture,long_short
CAPM,59,-0.0017583092448903697,-0.021099710938684436,-0.31472346222461234,0.7529716285806005,-0.15249974458000617,0.11030032270263732,1.2376350913333904,6.596700477190692,0.6219712100150504,0.6153391259802268,,,,trackB_armed_services,long_only
FF4,59,0.00039344220822991067,0.004721306498758928,0.09743008307906217,0.9223848555255313,-0.0902554235326969,0.09969803653021475,1.0825425429066073,6.715371741725959,0.6906058199269958,0.6676877325141806,0.6222376682344352,0.1391657676728928,-0.12069256141547319,trackB_armed_services,long_only
CAPM,59,-0.007712618661297972,-0.09255142393557567,-1.7093908261544788,0.08737857910482545,-0.19866961227270763,0.013566764401556318,-0.012491691962762529,-0.06022880819284001,0.0002803514147508013,-0.017258589788499146,,,,trackB_armed_services,long_short
FF4,59,-0.007680258633738836,-0.09216310360486604,-1.578203481698427,0.11451887065268715,-0.20662005789733423,0.022293850687602174,-0.013460538352165648,-0.06055813439832762,0.0011216712335794243,-0.07286931608245184,-0.03003239018703271,-0.016001423869351543,-0.020301388214845985,trackB_armed_services,long_short
CAPM,59,-0.0044506517443680975,-0.053407820932417166,-1.1113931709862857,0.26639915050973617,-0.14759357648048121,0.04077793461564688,1.100462325530091,13.361094141333794,0.8745152364707405,0.8723137493912798,,,,trackB_combined,long_only
FF4,59,-0.003503069136137012,-0.04203682963364414,-1.1955304497672286,0.23187984670643202,-0.11095240775399245,0.026878748486704164,1.0249529112093665,19.079540145830926,0.9133169261954804,0.906895957765516,0.14555940820655747,0.19006136619918645,-0.13147370920621654,trackB_combined,long_only
CAPM,59,-0.0028916514067477087,-0.034699816880972505,-1.5398510878417742,0.1235966556799905,-0.07886667943919765,0.00946704567725263,-0.11075479936436765,-1.0267509175273377,0.09262302749087226,0.07670413323632608,,,,trackB_combined,long_short
FF4,59,-0.0031237370412723862,-0.037484844495268635,-1.511114709536939,0.130759227621747,-0.08610388361462484,0.011134194624087566,-0.09709199285410462,-1.0736884068357453,0.10184429303285769,0.03531424066492117,-0.009907055438979394,0.028746235329601307,0.03818702030989124,trackB_combined,long_short
CAPM,54,-0.014194363006427055,-0.17033235607712466,-0.9588244506592173,0.3376471894428402,-0.5185142188607541,0.17784950670650485,1.2555861950595464,2.7369174788805677,0.40972515657160824,0.39837371727490845,,,,trackB_energy_commerce,long_only
FF4,54,-0.01299145126820843,-0.15589741521850117,-1.6424345317002946,0.10049998346036271,-0.3419342484765254,0.030139418039523073,1.0348308524304883,3.143935940952149,0.6438996796477295,0.6148302657414217,0.24859274199802445,0.9481602576346042,-0.45075535854707627,trackB_energy_commerce,long_only
CAPM,59,-0.008317557735506647,-0.09981069282607977,-1.5136906177698624,0.1301043256535988,-0.22904804219891509,0.029426656546755588,0.202241030546133,0.518571968249459,0.035195069591960615,0.01826866730410026,,,,trackB_energy_commerce,long_short
FF4,59,-0.006250668855190568,-0.07500802626228681,-1.1778072835525861,0.23887344428847723,-0.19982728326508403,0.04981123074051039,0.0626959549815564,0.17146420363189838,0.10358708982292464,0.03718613351351152,0.21455077471957862,0.01941537248848691,-0.30167787083975783,trackB_energy_commerce,long_short
CAPM,59,-0.01638425780847289,-0.19661109370167468,-1.3996715861493307,0.16161168622485567,-0.4719261507690682,0.07870396336571886,1.3962367530877609,8.182906322214613,0.6390496075795091,0.6327171445545883,,,,trackB_financial_services,long_only
FF4,59,-0.014631495112934972,-0.17557794135521965,-1.5885210422995648,0.11216856669931374,-0.3922111696049091,0.041055286894469814,1.245249082181084,9.153420952513503,0.7514287620363588,0.7330160777427557,0.05666588199574814,0.5547518147719764,-0.3718491144070642,trackB_financial_services,long_only
CAPM,59,-0.0020809004021022127,-0.024970804825226553,-0.43534583277344985,0.6633114215858796,-0.1373914930184037,0.08744988336795059,-0.31245753720429,-2.1813977095354966,0.1290600526586363,0.11378040445966497,,,,trackB_financial_services,long_short
FF4,59,-0.005147924336224702,-0.061775092034696416,-1.403537919113008,0.160456492785376,-0.14804063134137152,0.024490447271978667,-0.12053901656886148,-0.9308002678206592,0.36523534573725025,0.3182157417177872,-0.4265262787522487,0.2258774621663854,0.36766240474993994,trackB_financial_services,long_short
CAPM,58,0.002580053025988735,0.030960636311864822,0.7559923936352579,0.44965375618950276,-0.049307012702306405,0.11122828532603604,0.7375926241360111,8.811552609027522,0.6071538424462766,0.6001387324899601,,,,trackB_health,long_only
FF4,58,0.0017217882283055953,0.020661458739667144,0.5227092275628753,0.6011766158456648,-0.056811279185046124,0.09813419666438042,0.7793861950629882,10.42921494027439,0.6351124442913878,0.6075737608416812,0.14329421149426388,0.11166223627951713,0.19939810850650683,trackB_health,long_only
CAPM,58,-0.0006395272084592766,-0.007674326501511319,-0.2932583451693473,0.76932469034688,-0.05896495060933519,0.04361629760631255,-0.10269393970138956,-1.2411104842801077,0.05609583573981991,0.03924040423517394,,,,trackB_health,long_short
FF4,58,0.00021869332119227867,0.002624319854307344,0.08861810928418085,0.9293854155811836,-0.055417681266043475,0.060666320974658156,-0.15292225772678655,-2.144003053078785,0.13052105291970462,0.06490000030987098,0.1915967736773009,-0.00900553159386316,-0.03740558995943399,trackB_health,long_short
CAPM,59,0.00527459425519088,0.06329513106229057,1.7975547528684317,0.07224759409466054,-0.005718720716560925,0.13230898284114206,0.9934136720326224,19.15909727846896,0.8396816383424135,0.8368690355063155,,,,trackB_science_commerce,long_only
FF4,59,0.0056498515014597964,0.06779821801751756,2.162152649685291,0.03060641191856904,0.006339992323013313,0.1292564437120218,0.9788673368641069,21.42336366887313,0.8596872944477231,0.8492937607031099,-0.13296093842647863,-0.15337837867431597,-0.12796808074894322,trackB_science_commerce,long_only
CAPM,59,0.0005720022114823664,0.006864026537788397,0.16789335599031086,0.8666671770875297,-0.07326567677083334,0.08699372984641013,-0.07227617041957778,-0.47964552517401765,0.022619144116964862,0.005472111557613291,,,,trackB_science_commerce,long_short
FF4,59,-0.0001331236821151471,-0.0015974841853817652,-0.04409877989867768,0.9648256653400309,-0.07259744101898231,0.06940247264821879,-0.032731636768459034,-0.23551528210940934,0.09353383074677024,0.026388188579864247,0.04536945269176441,0.11158977158159693,0.1524392972200143,trackB_science_commerce,long_short
CAPM,57,-0.0011672265887356422,-0.014006719064827707,-0.27625660964628695,0.7823509800189186,-0.1133805039808978,0.08536706585124239,1.1364008612627687,12.719409133779257,0.6152179533825963,0.6082219161713709,,,,trackB_transport_infra,long_only
FF4,57,-0.001446757058614398,-0.017361084703372776,-0.3194799510188283,0.7493625922182572,-0.12386886599808858,0.08914669659134303,1.137829785522041,11.740080969310572,0.6265544673396861,0.5978278879042773,0.24965255197146408,0.06672568765887547,0.11184553457756226,trackB_transport_infra,long_only
CAPM,58,0.004826618943928914,0.057919427327146965,0.49237794599945756,0.6224521869483655,-0.1726351547550451,0.28847400940933904,-0.7186085318594754,-2.1764996252641398,0.30868314187585344,0.2963381979807794,,,,trackB_transport_infra,long_short
FF4,58,0.0049967062538703024,0.059960475046443626,0.5946428809201142,0.5520822101635012,-0.1376713731732782,0.2575923232661655,-0.6866365677725683,-2.431071818558093,0.412116197101269,0.3677476082032516,-0.1039585691934769,-0.4643494250107739,0.02110070371864699,trackB_transport_infra,long_short
